--
-- Script was generated by Devart dbForge Studio 2019 for MySQL, Version 8.1.45.0
-- Product home page: http://www.devart.com/dbforge/mysql/studio
-- Script date 2/21/2020 8:35:01 PM
-- Server version: 5.5.5-10.4.8-MariaDB
-- Client version: 4.1
--

-- 
-- Disable foreign keys
-- 
/*!40014 SET @OLD_FOREIGN_KEY_CHECKS=@@FOREIGN_KEY_CHECKS, FOREIGN_KEY_CHECKS=0 */;

-- 
-- Set SQL mode
-- 
/*!40101 SET @OLD_SQL_MODE=@@SQL_MODE, SQL_MODE='NO_AUTO_VALUE_ON_ZERO' */;

-- 
-- Set character set the client will use to send SQL statements to the server
--
SET NAMES 'utf8';

DROP DATABASE IF EXISTS db_upj;

CREATE DATABASE IF NOT EXISTS db_upj
CHARACTER SET utf8mb4
COLLATE utf8mb4_general_ci;

--
-- Set default database
--
USE db_upj;

--
-- Create table `tbl_mt`
--
CREATE TABLE IF NOT EXISTS tbl_mt (
  mt_id int(12) NOT NULL AUTO_INCREMENT,
  pe_id int(4) NOT NULL,
  identity varchar(28) DEFAULT NULL,
  ssid varchar(28) DEFAULT NULL,
  ip varchar(16) DEFAULT NULL,
  mt_name_ap varchar(28) DEFAULT NULL,
  PRIMARY KEY (mt_id, pe_id)
)
ENGINE = INNODB,
AUTO_INCREMENT = 4,
AVG_ROW_LENGTH = 8192,
CHARACTER SET utf8mb4,
COLLATE utf8mb4_general_ci;

--
-- Create index `UK_tbl_mt_pe_id` on table `tbl_mt`
--
ALTER TABLE tbl_mt
ADD UNIQUE INDEX UK_tbl_mt_pe_id (pe_id);

--
-- Create table `tbl_petugas`
--
CREATE TABLE IF NOT EXISTS tbl_petugas (
  pe_id int(4) NOT NULL,
  pe_name varchar(28) DEFAULT NULL,
  mt_tgl date DEFAULT NULL,
  PRIMARY KEY (pe_id)
)
ENGINE = INNODB,
AVG_ROW_LENGTH = 8192,
CHARACTER SET utf8mb4,
COLLATE utf8mb4_general_ci;

--
-- Create foreign key
--
ALTER TABLE tbl_petugas
ADD CONSTRAINT FK_tbl_petugas_tbl_mt_pe_id FOREIGN KEY (pe_id)
REFERENCES tbl_mt (pe_id) ON DELETE NO ACTION ON UPDATE NO ACTION;

--
-- Create table `tbl_comment_petugas`
--
CREATE TABLE IF NOT EXISTS tbl_comment_petugas (
  pe_id int(4) NOT NULL,
  mt_comment text DEFAULT NULL,
  mt_tgl date DEFAULT NULL,
  PRIMARY KEY (pe_id)
)
ENGINE = INNODB,
AVG_ROW_LENGTH = 8192,
CHARACTER SET utf8mb4,
COLLATE utf8mb4_general_ci,
COMMENT = 'Tabel Pelanggan';

--
-- Create foreign key
--
ALTER TABLE tbl_comment_petugas
ADD CONSTRAINT FK_tbl_comment_petugas FOREIGN KEY (pe_id)
REFERENCES tbl_petugas (pe_id) ON DELETE NO ACTION ON UPDATE NO ACTION;

--
-- Create table `tbl_mt_signal`
--
CREATE TABLE IF NOT EXISTS tbl_mt_signal (
  mt_id int(12) NOT NULL,
  stx varchar(5) DEFAULT NULL,
  srx varchar(5) DEFAULT NULL,
  ccq varchar(10) DEFAULT NULL,
  protocol varchar(28) DEFAULT NULL,
  band varchar(5) DEFAULT NULL,
  frequency int(5) DEFAULT NULL
)
ENGINE = INNODB,
AVG_ROW_LENGTH = 8192,
CHARACTER SET utf8mb4,
COLLATE utf8mb4_general_ci;

--
-- Create foreign key
--
ALTER TABLE tbl_mt_signal
ADD CONSTRAINT FK_tbl_mt_signal_tbl_mt_mt_id FOREIGN KEY (mt_id)
REFERENCES tbl_mt (mt_id) ON DELETE NO ACTION ON UPDATE NO ACTION;

--
-- Create table `tbl_pelanggan`
--
CREATE TABLE IF NOT EXISTS tbl_pelanggan (
  p_id int(4) NOT NULL AUTO_INCREMENT,
  p_name varchar(28) DEFAULT NULL,
  p_no varchar(255) DEFAULT NULL,
  PRIMARY KEY (p_id)
)
ENGINE = INNODB,
AUTO_INCREMENT = 4,
AVG_ROW_LENGTH = 8192,
CHARACTER SET utf8mb4,
COLLATE utf8mb4_general_ci;

--
-- Create table `tbl_info_pelanggan`
--
CREATE TABLE IF NOT EXISTS tbl_info_pelanggan (
  p_id int(4) NOT NULL,
  p_tgl date DEFAULT NULL,
  p_total int(8) DEFAULT NULL,
  p_jarak varchar(255) DEFAULT NULL,
  sewa int(8) DEFAULT NULL,
  PRIMARY KEY (p_id)
)
ENGINE = INNODB,
CHARACTER SET utf8mb4,
COLLATE utf8mb4_general_ci;

--
-- Create foreign key
--
ALTER TABLE tbl_info_pelanggan
ADD CONSTRAINT FK_tbl_info_pelanggan FOREIGN KEY (p_id)
REFERENCES tbl_pelanggan (p_id) ON DELETE NO ACTION ON UPDATE NO ACTION;

--
-- Create table `tbl_comment_pelanggan`
--
CREATE TABLE IF NOT EXISTS tbl_comment_pelanggan (
  p_id int(4) NOT NULL,
  p_comment text DEFAULT NULL,
  p_tgl_comment date NOT NULL DEFAULT CURRENT_TIMESTAMP (),
  PRIMARY KEY (p_id)
)
ENGINE = INNODB,
CHARACTER SET utf8mb4,
COLLATE utf8mb4_general_ci,
COMMENT = 'Tabel Pelanggan';

--
-- Create foreign key
--
ALTER TABLE tbl_comment_pelanggan
ADD CONSTRAINT FK_tbl_comment_pelanggan FOREIGN KEY (p_id)
REFERENCES tbl_pelanggan (p_id) ON DELETE NO ACTION ON UPDATE NO ACTION;

-- 
-- Dumping data for table tbl_mt
--
INSERT INTO tbl_mt VALUES
(1, 1, 'SMK BARAT', 'SMK WIDARTO', '172.15.0.254', 'LHG WIDARTO'),
(2, 2, 'SMK BARAT DAYA', 'SMK WARDAH', '172.15.0.33', 'HARDWOOD'),
(3, 3, 'SMK SELATAN', 'SMK RENANG', '172.15.0.98', 'BOTANICAL');

-- 
-- Dumping data for table tbl_petugas
--
INSERT INTO tbl_petugas VALUES
(1, 'Ahmad Nur Rizki', '2020-02-21'),
(2, 'Bustomi Gianto', '2020-02-23'),
(3, 'Ananda Prayoga', '2020-02-23');

-- 
-- Dumping data for table tbl_pelanggan
--
INSERT INTO tbl_pelanggan VALUES
(1, 'Pak Widarto', '082228914929'),
(2, 'Pak Dandang', '082332233222'),
(3, 'Pak Jumadil', '086664223234');

-- 
-- Dumping data for table tbl_mt_signal
--
INSERT INTO tbl_mt_signal VALUES
(1, '44', '45', '80/99', 'NV2 NSTREAM', '20 M', 8574),
(2, '67', '77', '40/100', 'NV2 NSTREAM', '10M', 8574),
(3, '44', '54', '88/98', 'NV2 NSTREAM', '10M', 8574);

-- 
-- Dumping data for table tbl_info_pelanggan
--
INSERT INTO tbl_info_pelanggan VALUES
(1, '2020-02-21', 1200000, '10 KM', 100000);

-- 
-- Dumping data for table tbl_comment_petugas
--
INSERT INTO tbl_comment_petugas VALUES
(1, 'SIGNAL JOS', '2020-02-21'),
(2, 'Susah dapat signal, antena pipa kurang tinggi 1dim.', '2020-02-23'),
(3, 'Sudah selesai pak.', '2020-02-24');

-- 
-- Dumping data for table tbl_comment_pelanggan
--
INSERT INTO tbl_comment_pelanggan VALUES
(1, 'Jaringannya bagus tetapi kadang antara waktu jam 7 dan 8 sering terjadi down.', '2020-02-21');

-- 
-- Restore previous SQL mode
-- 
/*!40101 SET SQL_MODE=@OLD_SQL_MODE */;

-- 
-- Enable foreign keys
-- 
/*!40014 SET FOREIGN_KEY_CHECKS = @OLD_FOREIGN_KEY_CHECKS */;